{"s_prob":0.185,"s_med":199,"s_q10":174,"s_q25":187,"s_q75":213,"s_q90":227,"i_prob":0.31938,"i_med":0.49156,"i_q10":0.46926,"i_q25":0.47922,"i_q75":0.50355,"i_q90":0.51472}
