{"prob":0.2255,"s_med":205,"s_q10":183,"s_q25":194,"s_q75":216,"s_q90":229,"i_med":0.49026,"i_q10":0.46728,"i_q25":0.47792,"i_q75":0.50321,"i_q90":0.51434}
