{"s_prob":0.20375,"s_med":203,"s_q10":179,"s_q25":191,"s_q75":215,"s_q90":227,"i_prob":0.29688,"i_med":0.48956,"i_q10":0.46771,"i_q25":0.47839,"i_q75":0.50258,"i_q90":0.51327}
