{"i_prob":0.15219,"i_med":0.48232,"i_q10":0.45907,"i_q25":0.4708,"i_q75":0.49447,"i_q90":0.50488,"pr_DsDh":0.08616,"pr_DsRh":0.24263,"pr_RsDh":0.05402,"pr_RsRh":0.61719,"house_prob":0.14018,"house_med":198,"house_q10":176,"house_q25":187,"house_q75":210,"house_q90":221,"sen_prob":0.32879,"sen_med":49,"sen_q10":46,"sen_q25":47,"sen_q75":50,"sen_q90":51}
