{"i_prob":0.13344,"i_med":0.48112,"i_q10":0.45884,"i_q25":0.46964,"i_q75":0.49285,"i_q90":0.50317,"pr_DsDh":0.07433,"pr_DsRh":0.2221,"pr_RsDh":0.05536,"pr_RsRh":0.64821,"house_prob":0.12969,"house_med":197,"house_q10":175,"house_q25":186,"house_q75":210,"house_q90":220,"sen_prob":0.29643,"sen_med":48,"sen_q10":46,"sen_q25":47,"sen_q75":50,"sen_q90":51}
