{"i_prob":0.178,"i_med":0.48333,"i_q10":0.46057,"i_q25":0.47133,"i_q75":0.49564,"i_q90":0.50608,"pr_DsDh":0.11317,"pr_DsRh":0.36205,"pr_RsDh":0.03192,"pr_RsRh":0.49286,"house_prob":0.14509,"house_med":198,"house_q10":175,"house_q25":186,"house_q75":210,"house_q90":222,"sen_prob":0.47522,"sen_med":49,"sen_q10":47,"sen_q25":48,"sen_q75":51,"sen_q90":52}
