{"i_prob":0.24,"i_med":0.48778,"i_q10":0.46529,"i_q25":0.4757,"i_q75":0.49956,"i_q90":0.50981,"pr_DsDh":0.14688,"pr_DsRh":0.44955,"pr_RsDh":0.03125,"pr_RsRh":0.37232,"house_prob":0.17812,"house_med":201,"house_q10":179,"house_q25":189,"house_q75":213,"house_q90":224,"sen_prob":0.59643,"sen_med":50,"sen_q10":48,"sen_q25":49,"sen_q75":51,"sen_q90":52}
