{"i_prob":0.27844,"i_med":0.48973,"i_q10":0.46802,"i_q25":0.47865,"i_q75":0.5015,"i_q90":0.51323,"pr_DsDh":0.17589,"pr_DsRh":0.46696,"pr_RsDh":0.03326,"pr_RsRh":0.32388,"house_prob":0.20915,"house_med":203,"house_q10":180,"house_q25":191,"house_q75":215,"house_q90":226,"sen_prob":0.64286,"sen_med":50,"sen_q10":48,"sen_q25":49,"sen_q75":51,"sen_q90":52}
