{"i_prob":0.12781,"i_med":0.47931,"i_q10":0.45735,"i_q25":0.46771,"i_q75":0.49111,"i_q90":0.50249,"pr_DsDh":0.07388,"pr_DsRh":0.24174,"pr_RsDh":0.04018,"pr_RsRh":0.6442,"house_prob":0.11406,"house_med":196,"house_q10":174,"house_q25":184,"house_q75":208,"house_q90":219,"sen_prob":0.31562,"sen_med":49,"sen_q10":46,"sen_q25":47,"sen_q75":50,"sen_q90":51}
