{"i_prob":0.17062,"i_med":0.48351,"i_q10":0.46145,"i_q25":0.47141,"i_q75":0.4951,"i_q90":0.50688,"pr_DsDh":0.10647,"pr_DsRh":0.29263,"pr_RsDh":0.04665,"pr_RsRh":0.55424,"house_prob":0.15313,"house_med":199,"house_q10":177,"house_q25":187,"house_q75":211,"house_q90":222,"sen_prob":0.39911,"sen_med":49,"sen_q10":47,"sen_q25":48,"sen_q75":50,"sen_q90":52}
