{"i_prob":0.23469,"i_med":0.48733,"i_q10":0.46377,"i_q25":0.47438,"i_q75":0.49921,"i_q90":0.50914,"pr_DsDh":0.1404,"pr_DsRh":0.42411,"pr_RsDh":0.03348,"pr_RsRh":0.40201,"house_prob":0.17388,"house_med":200,"house_q10":177,"house_q25":188,"house_q75":213,"house_q90":224,"sen_prob":0.56451,"sen_med":50,"sen_q10":47,"sen_q25":49,"sen_q75":51,"sen_q90":52}
