{"i_prob":0.32938,"i_med":0.49196,"i_q10":0.46966,"i_q25":0.48027,"i_q75":0.50382,"i_q90":0.51438,"pr_DsDh":0.19621,"pr_DsRh":0.46004,"pr_RsDh":0.03661,"pr_RsRh":0.30714,"house_prob":0.23281,"house_med":204,"house_q10":182,"house_q25":192,"house_q75":216,"house_q90":227,"sen_prob":0.65625,"sen_med":50,"sen_q10":48,"sen_q25":49,"sen_q75":51,"sen_q90":53}
