{"i_prob":0.26156,"i_med":0.48879,"i_q10":0.46611,"i_q25":0.47676,"i_q75":0.50058,"i_q90":0.51137,"pr_DsDh":0.15781,"pr_DsRh":0.44754,"pr_RsDh":0.03348,"pr_RsRh":0.36116,"house_prob":0.19129,"house_med":202,"house_q10":179,"house_q25":190,"house_q75":214,"house_q90":225,"sen_prob":0.60536,"sen_med":50,"sen_q10":48,"sen_q25":49,"sen_q75":51,"sen_q90":52}
