{"s_prob":0.17188,"s_med":202,"s_q10":181,"s_q25":190,"s_q75":213,"s_q90":223,"i_prob":0.25156,"i_med":0.48799,"i_q10":0.46501,"i_q25":0.47588,"i_q75":0.50009,"i_q90":0.51125}
