{"i_prob":0.16594,"i_med":0.48254,"i_q10":0.45926,"i_q25":0.46991,"i_q75":0.49455,"i_q90":0.50543,"pr_DsDh":0.10357,"pr_DsRh":0.31272,"pr_RsDh":0.0375,"pr_RsRh":0.54621,"house_prob":0.14107,"house_med":198,"house_q10":176,"house_q25":186,"house_q75":211,"house_q90":221,"sen_prob":0.41629,"sen_med":49,"sen_q10":47,"sen_q25":48,"sen_q75":50,"sen_q90":52}
