{"i_prob":0.27844,"i_med":0.48966,"i_q10":0.46733,"i_q25":0.47774,"i_q75":0.50131,"i_q90":0.51187,"pr_DsDh":0.16987,"pr_DsRh":0.46674,"pr_RsDh":0.03281,"pr_RsRh":0.33058,"house_prob":0.20268,"house_med":202,"house_q10":180,"house_q25":191,"house_q75":215,"house_q90":226,"sen_prob":0.63661,"sen_med":50,"sen_q10":48,"sen_q25":49,"sen_q75":51,"sen_q90":52}
