{"i_prob":0.31875,"i_med":0.49151,"i_q10":0.46879,"i_q25":0.47905,"i_q75":0.50378,"i_q90":0.51564,"pr_DsDh":0.19754,"pr_DsRh":0.43839,"pr_RsDh":0.03504,"pr_RsRh":0.32902,"house_prob":0.23259,"house_med":204,"house_q10":181,"house_q25":192,"house_q75":216,"house_q90":228,"sen_prob":0.63594,"sen_med":50,"sen_q10":48,"sen_q25":49,"sen_q75":51,"sen_q90":53}
