{"i_prob":0.14219,"i_med":0.48187,"i_q10":0.4599,"i_q25":0.47029,"i_q75":0.49309,"i_q90":0.50366,"pr_DsDh":0.09397,"pr_DsRh":0.36138,"pr_RsDh":0.02812,"pr_RsRh":0.51652,"house_prob":0.1221,"house_med":196,"house_q10":174,"house_q25":185,"house_q75":209,"house_q90":219,"sen_prob":0.45536,"sen_med":49,"sen_q10":47,"sen_q25":48,"sen_q75":51,"sen_q90":52}
