{"i_prob":0.22031,"i_med":0.48632,"i_q10":0.46327,"i_q25":0.47407,"i_q75":0.49836,"i_q90":0.50859,"pr_DsDh":0.1404,"pr_DsRh":0.34509,"pr_RsDh":0.04174,"pr_RsRh":0.47277,"house_prob":0.18214,"house_med":201,"house_q10":179,"house_q25":189,"house_q75":213,"house_q90":224,"sen_prob":0.48549,"sen_med":49,"sen_q10":47,"sen_q25":48,"sen_q75":51,"sen_q90":52}
