{"i_prob":0.15844,"i_med":0.48245,"i_q10":0.45945,"i_q25":0.47038,"i_q75":0.4939,"i_q90":0.50511,"pr_DsDh":0.10022,"pr_DsRh":0.35938,"pr_RsDh":0.02835,"pr_RsRh":0.51205,"house_prob":0.12857,"house_med":197,"house_q10":174,"house_q25":185,"house_q75":209,"house_q90":220,"sen_prob":0.4596,"sen_med":49,"sen_q10":47,"sen_q25":48,"sen_q75":51,"sen_q90":52}
