{"i_prob":0.3275,"i_med":0.49243,"i_q10":0.4696,"i_q25":0.48024,"i_q75":0.50419,"i_q90":0.51582,"pr_DsDh":0.20156,"pr_DsRh":0.46733,"pr_RsDh":0.03622,"pr_RsRh":0.29489,"house_prob":0.23778,"house_med":205,"house_q10":181,"house_q25":192,"house_q75":217,"house_q90":228,"sen_prob":0.66889,"sen_med":50,"sen_q10":48,"sen_q25":49,"sen_q75":51,"sen_q90":53}
