{"i_prob":0.16225,"i_med":0.48243,"i_q10":0.45977,"i_q25":0.47024,"i_q75":0.49407,"i_q90":0.5052,"pr_DsDh":0.10178,"pr_DsRh":0.36267,"pr_RsDh":0.03044,"pr_RsRh":0.50511,"house_prob":0.13222,"house_med":197,"house_q10":173,"house_q25":184,"house_q75":210,"house_q90":221,"sen_prob":0.46444,"sen_med":49,"sen_q10":47,"sen_q25":48,"sen_q75":51,"sen_q90":52}
