{"i_prob":0.35656,"i_med":0.49269,"i_q10":0.47006,"i_q25":0.48105,"i_q75":0.50562,"i_q90":0.51634,"pr_DsDh":0.21339,"pr_DsRh":0.44263,"pr_RsDh":0.03728,"pr_RsRh":0.3067,"house_prob":0.25067,"house_med":205,"house_q10":182,"house_q25":193,"house_q75":218,"house_q90":229,"sen_prob":0.65603,"sen_med":50,"sen_q10":48,"sen_q25":49,"sen_q75":51,"sen_q90":53}
