{"i_prob":0.15,"i_med":0.48281,"i_q10":0.46219,"i_q25":0.47149,"i_q75":0.4939,"i_q90":0.50435,"pr_DsDh":0.09397,"pr_DsRh":0.28929,"pr_RsDh":0.04665,"pr_RsRh":0.57009,"house_prob":0.14062,"house_med":199,"house_q10":177,"house_q25":187,"house_q75":211,"house_q90":221,"sen_prob":0.38326,"sen_med":49,"sen_q10":47,"sen_q25":48,"sen_q75":50,"sen_q90":51}
