{"s_prob":0.21429,"s_med":204,"s_q10":182,"s_q25":193,"s_q75":216,"s_q90":226,"i_prob":0.30938,"i_med":0.49153,"i_q10":0.4678,"i_q25":0.47902,"i_q75":0.50307,"i_q90":0.51415}
