{"s_prob":0.2165,"s_med":201,"s_q10":176,"s_q25":189,"s_q75":215,"s_q90":230,"i_prob":0.37,"i_med":0.49439,"i_q10":0.47105,"i_q25":0.48195,"i_q75":0.50663,"i_q90":0.51778}
