{"s_prob":0.21183,"s_med":203,"s_q10":183,"s_q25":192,"s_q75":215,"s_q90":226,"i_prob":0.30812,"i_med":0.49118,"i_q10":0.4681,"i_q25":0.47891,"i_q75":0.50289,"i_q90":0.51505}
