{"i_prob":0.1875,"i_med":0.48446,"i_q10":0.46188,"i_q25":0.47294,"i_q75":0.49653,"i_q90":0.50701,"pr_DsDh":0.11942,"pr_DsRh":0.36138,"pr_RsDh":0.03817,"pr_RsRh":0.48103,"house_prob":0.15759,"house_med":200,"house_q10":177,"house_q25":188,"house_q75":212,"house_q90":222,"sen_prob":0.4808,"sen_med":49,"sen_q10":47,"sen_q25":48,"sen_q75":51,"sen_q90":52}
