{"i_prob":0.1575,"i_med":0.48219,"i_q10":0.45956,"i_q25":0.47031,"i_q75":0.49402,"i_q90":0.50429,"pr_DsDh":0.10201,"pr_DsRh":0.34598,"pr_RsDh":0.03013,"pr_RsRh":0.52188,"house_prob":0.13214,"house_med":197,"house_q10":174,"house_q25":185,"house_q75":209,"house_q90":220,"sen_prob":0.44799,"sen_med":49,"sen_q10":47,"sen_q25":48,"sen_q75":51,"sen_q90":52}
