{"s_prob":0.18415,"s_med":201,"s_q10":178,"s_q25":189,"s_q75":213,"s_q90":224,"i_prob":0.24281,"i_med":0.4877,"i_q10":0.46571,"i_q25":0.47611,"i_q75":0.49954,"i_q90":0.51079}
