{"s_prob":0.2055,"s_med":201,"s_q10":175,"s_q25":188,"s_q75":214,"s_q90":228,"i_prob":0.35,"i_med":0.49291,"i_q10":0.46873,"i_q25":0.48032,"i_q75":0.50542,"i_q90":0.51541}
