{"i_prob":0.16344,"i_med":0.48186,"i_q10":0.45892,"i_q25":0.4698,"i_q75":0.49444,"i_q90":0.50527,"pr_DsDh":0.10201,"pr_DsRh":0.35335,"pr_RsDh":0.02723,"pr_RsRh":0.51741,"house_prob":0.12924,"house_med":196,"house_q10":174,"house_q25":185,"house_q75":209,"house_q90":220,"sen_prob":0.45536,"sen_med":49,"sen_q10":47,"sen_q25":48,"sen_q75":51,"sen_q90":52}
