{"s_prob":0.19598,"s_med":203,"s_q10":182,"s_q25":192,"s_q75":215,"s_q90":225,"i_prob":0.30312,"i_med":0.48989,"i_q10":0.46715,"i_q25":0.47712,"i_q75":0.50276,"i_q90":0.51278}
