{"s_prob":0.186,"s_med":200,"s_q10":174,"s_q25":187,"s_q75":213,"s_q90":226,"i_prob":0.30625,"i_med":0.49158,"i_q10":0.4683,"i_q25":0.48006,"i_q75":0.50286,"i_q90":0.51249}
