{"i_prob":0.23562,"i_med":0.48744,"i_q10":0.46497,"i_q25":0.47608,"i_q75":0.49903,"i_q90":0.50982,"pr_DsDh":0.09598,"pr_DsRh":0.21696,"pr_RsDh":0.07991,"pr_RsRh":0.60714,"house_prob":0.17589,"house_med":201,"house_q10":178,"house_q25":189,"house_q75":213,"house_q90":224,"sen_prob":0.31295,"sen_med":49,"sen_q10":46,"sen_q25":47,"sen_q75":50,"sen_q90":51}
