{"i_prob":0.23375,"i_med":0.48715,"i_q10":0.46426,"i_q25":0.47495,"i_q75":0.49906,"i_q90":0.50907,"pr_DsDh":0.14062,"pr_DsRh":0.44018,"pr_RsDh":0.03237,"pr_RsRh":0.38683,"house_prob":0.17299,"house_med":200,"house_q10":178,"house_q25":189,"house_q75":213,"house_q90":224,"sen_prob":0.5808,"sen_med":50,"sen_q10":48,"sen_q25":49,"sen_q75":51,"sen_q90":52}
