{"i_prob":0.25781,"i_med":0.48874,"i_q10":0.46686,"i_q25":0.47738,"i_q75":0.50058,"i_q90":0.51172,"pr_DsDh":0.1596,"pr_DsRh":0.43304,"pr_RsDh":0.03482,"pr_RsRh":0.37254,"house_prob":0.19442,"house_med":202,"house_q10":179,"house_q25":190,"house_q75":214,"house_q90":225,"sen_prob":0.59263,"sen_med":50,"sen_q10":48,"sen_q25":49,"sen_q75":51,"sen_q90":52}
