{"i_prob":0.305,"i_med":0.49057,"i_q10":0.46702,"i_q25":0.47803,"i_q75":0.50274,"i_q90":0.51336,"pr_DsDh":0.13103,"pr_DsRh":0.22121,"pr_RsDh":0.0942,"pr_RsRh":0.55357,"house_prob":0.22522,"house_med":203,"house_q10":180,"house_q25":191,"house_q75":216,"house_q90":227,"sen_prob":0.35223,"sen_med":49,"sen_q10":46,"sen_q25":47,"sen_q75":50,"sen_q90":51}
