{"i_prob":0.28719,"i_med":0.48982,"i_q10":0.46744,"i_q25":0.47787,"i_q75":0.50216,"i_q90":0.51274,"pr_DsDh":0.17522,"pr_DsRh":0.44487,"pr_RsDh":0.03571,"pr_RsRh":0.3442,"house_prob":0.21094,"house_med":203,"house_q10":180,"house_q25":191,"house_q75":215,"house_q90":226,"sen_prob":0.62009,"sen_med":50,"sen_q10":48,"sen_q25":49,"sen_q75":51,"sen_q90":52}
