{"i_prob":0.21156,"i_med":0.48765,"i_q10":0.46442,"i_q25":0.47542,"i_q75":0.49818,"i_q90":0.50828,"pr_DsDh":0.13348,"pr_DsRh":0.43616,"pr_RsDh":0.03326,"pr_RsRh":0.3971,"house_prob":0.16674,"house_med":200,"house_q10":178,"house_q25":189,"house_q75":212,"house_q90":223,"sen_prob":0.56964,"sen_med":50,"sen_q10":48,"sen_q25":49,"sen_q75":51,"sen_q90":52}
