{"i_prob":0.15313,"i_med":0.48201,"i_q10":0.46014,"i_q25":0.47075,"i_q75":0.49411,"i_q90":0.50439,"pr_DsDh":0.08661,"pr_DsRh":0.25714,"pr_RsDh":0.05246,"pr_RsRh":0.60379,"house_prob":0.13906,"house_med":198,"house_q10":176,"house_q25":187,"house_q75":210,"house_q90":221,"sen_prob":0.34375,"sen_med":49,"sen_q10":46,"sen_q25":47,"sen_q75":50,"sen_q90":51}
