{"i_prob":0.12256,"i_med":0.47951,"i_q10":0.45695,"i_q25":0.46758,"i_q75":0.4913,"i_q90":0.50232,"pr_DsDh":0.0635,"pr_DsRh":0.19469,"pr_RsDh":0.05145,"pr_RsRh":0.69036,"house_prob":0.11496,"house_med":196,"house_q10":174,"house_q25":184,"house_q75":208,"house_q90":219,"sen_prob":0.25819,"sen_med":48,"sen_q10":46,"sen_q25":47,"sen_q75":50,"sen_q90":51}
