{"i_prob":0.26281,"i_med":0.48839,"i_q10":0.46619,"i_q25":0.47668,"i_q75":0.50076,"i_q90":0.51083,"pr_DsDh":0.16138,"pr_DsRh":0.46808,"pr_RsDh":0.03058,"pr_RsRh":0.33996,"house_prob":0.19196,"house_med":201,"house_q10":179,"house_q25":190,"house_q75":214,"house_q90":225,"sen_prob":0.62946,"sen_med":50,"sen_q10":48,"sen_q25":49,"sen_q75":51,"sen_q90":52}
