{"i_prob":0.21375,"i_med":0.48626,"i_q10":0.46352,"i_q25":0.47456,"i_q75":0.49772,"i_q90":0.50851,"pr_DsDh":0.13817,"pr_DsRh":0.37411,"pr_RsDh":0.04085,"pr_RsRh":0.44688,"house_prob":0.17902,"house_med":201,"house_q10":179,"house_q25":189,"house_q75":213,"house_q90":224,"sen_prob":0.51228,"sen_med":50,"sen_q10":47,"sen_q25":48,"sen_q75":51,"sen_q90":52}
