{"i_prob":0.18344,"i_med":0.48466,"i_q10":0.46222,"i_q25":0.47248,"i_q75":0.49632,"i_q90":0.50689,"pr_DsDh":0.11786,"pr_DsRh":0.42344,"pr_RsDh":0.02746,"pr_RsRh":0.43125,"house_prob":0.14531,"house_med":198,"house_q10":176,"house_q25":187,"house_q75":211,"house_q90":222,"sen_prob":0.54129,"sen_med":50,"sen_q10":47,"sen_q25":49,"sen_q75":51,"sen_q90":52}
