{"i_prob":0.17562,"i_med":0.48355,"i_q10":0.46061,"i_q25":0.47142,"i_q75":0.49528,"i_q90":0.50559,"pr_DsDh":0.11004,"pr_DsRh":0.35759,"pr_RsDh":0.03527,"pr_RsRh":0.4971,"house_prob":0.14531,"house_med":198,"house_q10":175,"house_q25":186,"house_q75":211,"house_q90":222,"sen_prob":0.46763,"sen_med":49,"sen_q10":47,"sen_q25":48,"sen_q75":51,"sen_q90":52}
