{"i_prob":0.205,"i_med":0.48519,"i_q10":0.46267,"i_q25":0.47334,"i_q75":0.49712,"i_q90":0.50827,"pr_DsDh":0.12232,"pr_DsRh":0.36406,"pr_RsDh":0.03884,"pr_RsRh":0.47478,"house_prob":0.16116,"house_med":199,"house_q10":177,"house_q25":187,"house_q75":212,"house_q90":223,"sen_prob":0.48638,"sen_med":49,"sen_q10":47,"sen_q25":48,"sen_q75":51,"sen_q90":52}
