{"i_prob":0.245,"i_med":0.48785,"i_q10":0.46556,"i_q25":0.4756,"i_q75":0.49973,"i_q90":0.50983,"pr_DsDh":0.14732,"pr_DsRh":0.45,"pr_RsDh":0.0317,"pr_RsRh":0.37098,"house_prob":0.17902,"house_med":201,"house_q10":178,"house_q25":189,"house_q75":213,"house_q90":224,"sen_prob":0.59732,"sen_med":50,"sen_q10":48,"sen_q25":49,"sen_q75":51,"sen_q90":52}
