{"i_prob":0.195,"i_med":0.48424,"i_q10":0.46228,"i_q25":0.47294,"i_q75":0.49675,"i_q90":0.50693,"pr_DsDh":0.12589,"pr_DsRh":0.36786,"pr_RsDh":0.03705,"pr_RsRh":0.4692,"house_prob":0.16295,"house_med":200,"house_q10":178,"house_q25":188,"house_q75":212,"house_q90":223,"sen_prob":0.49375,"sen_med":49,"sen_q10":47,"sen_q25":48,"sen_q75":51,"sen_q90":52}
