{"i_prob":0.16688,"i_med":0.48296,"i_q10":0.46002,"i_q25":0.47063,"i_q75":0.4947,"i_q90":0.5053,"pr_DsDh":0.0942,"pr_DsRh":0.26518,"pr_RsDh":0.05112,"pr_RsRh":0.58951,"house_prob":0.14531,"house_med":199,"house_q10":177,"house_q25":187,"house_q75":211,"house_q90":221,"sen_prob":0.35938,"sen_med":49,"sen_q10":46,"sen_q25":48,"sen_q75":50,"sen_q90":51}
