{"i_prob":0.18625,"i_med":0.48447,"i_q10":0.46227,"i_q25":0.47224,"i_q75":0.49644,"i_q90":0.50638,"pr_DsDh":0.10871,"pr_DsRh":0.30201,"pr_RsDh":0.04933,"pr_RsRh":0.53996,"house_prob":0.15804,"house_med":200,"house_q10":178,"house_q25":188,"house_q75":212,"house_q90":223,"sen_prob":0.41071,"sen_med":49,"sen_q10":47,"sen_q25":48,"sen_q75":50,"sen_q90":52}
