{"s_prob":0.18237,"s_med":202,"s_q10":181,"s_q25":190,"s_q75":214,"s_q90":224,"i_prob":0.2625,"i_med":0.48885,"i_q10":0.46417,"i_q25":0.4756,"i_q75":0.5006,"i_q90":0.51201}
