{"i_prob":0.13938,"i_med":0.48134,"i_q10":0.45963,"i_q25":0.46911,"i_q75":0.49282,"i_q90":0.50325,"pr_DsDh":0.075,"pr_DsRh":0.22455,"pr_RsDh":0.05312,"pr_RsRh":0.64732,"house_prob":0.12812,"house_med":197,"house_q10":175,"house_q25":186,"house_q75":209,"house_q90":220,"sen_prob":0.29955,"sen_med":48,"sen_q10":46,"sen_q25":47,"sen_q75":50,"sen_q90":51}
