{"s_prob":0.1654,"s_med":200,"s_q10":180,"s_q25":189,"s_q75":213,"s_q90":223,"i_prob":0.21969,"i_med":0.48684,"i_q10":0.46352,"i_q25":0.4744,"i_q75":0.4982,"i_q90":0.50863}
