{"s_prob":0.16518,"s_med":201,"s_q10":180,"s_q25":190,"s_q75":213,"s_q90":222,"i_prob":0.2425,"i_med":0.48732,"i_q10":0.46247,"i_q25":0.47483,"i_q75":0.49936,"i_q90":0.5096}
