{"i_prob":0.19094,"i_med":0.4845,"i_q10":0.46245,"i_q25":0.47325,"i_q75":0.49622,"i_q90":0.50748,"pr_DsDh":0.11942,"pr_DsRh":0.41027,"pr_RsDh":0.02946,"pr_RsRh":0.44085,"house_prob":0.14888,"house_med":199,"house_q10":176,"house_q25":187,"house_q75":211,"house_q90":222,"sen_prob":0.52969,"sen_med":50,"sen_q10":47,"sen_q25":48,"sen_q75":51,"sen_q90":52}
