{"i_prob":0.13345,"i_med":0.48121,"i_q10":0.45888,"i_q25":0.46972,"i_q75":0.49284,"i_q90":0.50305,"pr_DsDh":0.07591,"pr_DsRh":0.19455,"pr_RsDh":0.05864,"pr_RsRh":0.67091,"house_prob":0.13455,"house_med":198,"house_q10":174,"house_q25":186,"house_q75":209,"house_q90":221,"sen_prob":0.27045,"sen_med":48,"sen_q10":46,"sen_q25":47,"sen_q75":50,"sen_q90":51}
